{
  "IcoMoonType": "selection",
  "icons": [
    {
      "icon": {
        "paths": [
          "M1010.004 513.806c0 275.788-223.57 499.358-499.358 499.358s-499.358-223.57-499.358-499.358c0-275.788 223.57-499.358 499.358-499.358s499.358 223.57 499.358 499.358z",
          "M832.564 745.877h-602.751v-493.489h22.123v471.365h580.628z",
          "M195.951 288.959l8.127 7.675 37.023-39.732 37.023 39.732 8.127-7.675-45.15-48.31z",
          "M795.993 779.739l-7.675-7.675 39.732-37.474-39.732-37.023 7.675-8.127 48.31 45.15z",
          "M460.078 578.37c0 31.17-25.268 56.437-56.437 56.437s-56.437-25.268-56.437-56.437c0-31.17 25.268-56.437 56.437-56.437s56.437 25.268 56.437 56.437z",
          "M655.577 338.173c0 31.17-25.268 56.437-56.437 56.437s-56.437-25.268-56.437-56.437c0-31.17 25.268-56.437 56.437-56.437s56.437 25.268 56.437 56.437z",
          "M692.6 540.896c0 31.17-25.268 56.437-56.437 56.437s-56.437-25.268-56.437-56.437c0-31.17 25.268-56.437 56.437-56.437s56.437 25.268 56.437 56.437z"
        ],
        "attrs": [
          {
            "fill": "rgb(152, 152, 152)"
          },
          {
            "fill": "rgb(255, 255, 255)"
          },
          {
            "fill": "rgb(255, 255, 255)"
          },
          {
            "fill": "rgb(255, 255, 255)"
          },
          {
            "fill": "rgb(255, 255, 255)"
          },
          {
            "fill": "rgb(255, 255, 255)"
          },
          {
            "fill": "rgb(255, 255, 255)"
          }
        ],
        "isMulticolor": true,
        "isMulticolor2": false,
        "grid": 0,
        "tags": [
          "Icon_SevLikel_Grey"
        ],
        "colorPermutations": {
          "1021031021188190192118833761255255255133143207167176731": [
            {
              "f": 0
            },
            {
              "f": 5
            },
            {
              "f": 5
            },
            {
              "f": 5
            },
            {
              "f": 5
            },
            {
              "f": 5
            },
            {
              "f": 5
            }
          ],
          "1331381821152152152117917917911991981981255255255128701371": [
            {
              "f": 1
            },
            {
              "f": 5
            },
            {
              "f": 5
            },
            {
              "f": 5
            },
            {
              "f": 5
            },
            {
              "f": 5
            },
            {
              "f": 5
            }
          ]
        }
      },
      "attrs": [
        {
          "fill": "rgb(152, 152, 152)"
        },
        {
          "fill": "rgb(255, 255, 255)"
        },
        {
          "fill": "rgb(255, 255, 255)"
        },
        {
          "fill": "rgb(255, 255, 255)"
        },
        {
          "fill": "rgb(255, 255, 255)"
        },
        {
          "fill": "rgb(255, 255, 255)"
        },
        {
          "fill": "rgb(255, 255, 255)"
        }
      ],
      "properties": {
        "order": 2,
        "id": 5,
        "name": "Icon_SevLikel_Grey",
        "prevSize": 32,
        "code": 59648,
        "codes": [
          59648,
          59649,
          59650,
          59651,
          59652,
          59653,
          59654
        ]
      },
      "setIdx": 0,
      "setId": 2,
      "iconIdx": 0
    },
    {
      "icon": {
        "paths": [
          "M1011.81 512c0 275.788-223.57 499.358-499.358 499.358s-499.358-223.57-499.358-499.358c0-275.788 223.57-499.358 499.358-499.358s499.358 223.57 499.358 499.358z",
          "M415.831 376.099c-4.966-25.735-27.993-45.601-55.534-45.601s-50.116 19.414-55.534 45.601h-58.695v22.123h58.695c4.966 25.735 27.993 45.601 55.534 45.601s50.116-19.414 55.534-45.601h361.199v-22.123h-361.199z",
          "M672.282 473.171c-27.541 0-50.116 19.414-55.534 45.601h-370.229v22.123h370.681c4.966 25.735 27.993 45.601 55.534 45.601s50.116-19.414 55.534-45.601h49.213v-22.123h-49.213c-5.418-26.187-28.444-45.601-55.986-45.601z",
          "M512.451 615.845c-27.541 0-50.116 19.414-55.534 45.601h-210.399v22.123h210.85c4.966 25.735 27.993 45.601 55.534 45.601s50.116-19.414 55.534-45.601h209.044v-22.123h-209.044c-5.418-26.187-28.444-45.601-55.986-45.601z"
        ],
        "attrs": [
          {
            "fill": "rgb(28, 70, 137)"
          },
          {
            "fill": "rgb(255, 255, 255)"
          },
          {
            "fill": "rgb(255, 255, 255)"
          },
          {
            "fill": "rgb(255, 255, 255)"
          }
        ],
        "isMulticolor": true,
        "isMulticolor2": false,
        "grid": 0,
        "tags": [
          "Icon_Velocity_Blue"
        ],
        "colorPermutations": {
          "1021031021188190192118833761255255255133143207167176731": [
            {
              "f": 0
            },
            {
              "f": 5
            },
            {
              "f": 5
            },
            {
              "f": 5
            }
          ],
          "1331381821152152152117917917911991981981255255255128701371": [
            {
              "f": 0
            },
            {
              "f": 5
            },
            {
              "f": 5
            },
            {
              "f": 5
            }
          ]
        }
      },
      "attrs": [
        {
          "fill": "rgb(28, 70, 137)"
        },
        {
          "fill": "rgb(255, 255, 255)"
        },
        {
          "fill": "rgb(255, 255, 255)"
        },
        {
          "fill": "rgb(255, 255, 255)"
        }
      ],
      "properties": {
        "order": 3,
        "id": 4,
        "name": "Icon_Velocity_Blue",
        "prevSize": 32,
        "code": 59655,
        "codes": [
          59655,
          59656,
          59657,
          59658
        ]
      },
      "setIdx": 0,
      "setId": 2,
      "iconIdx": 1
    },
    {
      "icon": {
        "paths": [
          "M1011.81 512c0 275.788-223.57 499.358-499.358 499.358s-499.358-223.57-499.358-499.358c0-275.788 223.57-499.358 499.358-499.358s499.358 223.57 499.358 499.358z",
          "M415.831 376.099c-4.966-25.735-27.993-45.601-55.534-45.601s-50.116 19.414-55.534 45.601h-58.695v22.123h58.695c4.966 25.735 27.993 45.601 55.534 45.601s50.116-19.414 55.534-45.601h361.199v-22.123h-361.199z",
          "M672.282 473.171c-27.541 0-50.116 19.414-55.534 45.601h-370.229v22.123h370.681c4.966 25.735 27.993 45.601 55.534 45.601s50.116-19.414 55.534-45.601h49.213v-22.123h-49.213c-5.418-26.187-28.444-45.601-55.986-45.601z",
          "M512.451 615.845c-27.541 0-50.116 19.414-55.534 45.601h-210.399v22.123h210.85c4.966 25.735 27.993 45.601 55.534 45.601s50.116-19.414 55.534-45.601h209.044v-22.123h-209.044c-5.418-26.187-28.444-45.601-55.986-45.601z"
        ],
        "attrs": [
          {
            "fill": "rgb(152, 152, 152)"
          },
          {
            "fill": "rgb(255, 255, 255)"
          },
          {
            "fill": "rgb(255, 255, 255)"
          },
          {
            "fill": "rgb(255, 255, 255)"
          }
        ],
        "isMulticolor": true,
        "isMulticolor2": false,
        "grid": 0,
        "tags": [
          "Icon_Velocity_Grey"
        ],
        "colorPermutations": {
          "1021031021188190192118833761255255255133143207167176731": [
            {
              "f": 0
            },
            {
              "f": 5
            },
            {
              "f": 5
            },
            {
              "f": 5
            }
          ],
          "1331381821152152152117917917911991981981255255255128701371": [
            {
              "f": 1
            },
            {
              "f": 5
            },
            {
              "f": 5
            },
            {
              "f": 5
            }
          ]
        }
      },
      "attrs": [
        {
          "fill": "rgb(152, 152, 152)"
        },
        {
          "fill": "rgb(255, 255, 255)"
        },
        {
          "fill": "rgb(255, 255, 255)"
        },
        {
          "fill": "rgb(255, 255, 255)"
        }
      ],
      "properties": {
        "order": 4,
        "id": 3,
        "name": "Icon_Velocity_Grey",
        "prevSize": 32,
        "code": 59659,
        "codes": [
          59659,
          59660,
          59661,
          59662
        ]
      },
      "setIdx": 0,
      "setId": 2,
      "iconIdx": 2
    },
    {
      "icon": {
        "paths": [
          "M1007.295 510.646c0 275.788-223.57 499.358-499.358 499.358s-499.358-223.57-499.358-499.358c0-275.788 223.57-499.358 499.358-499.358s499.358 223.57 499.358 499.358z",
          "M538.638 259.16c-0.451 4.063-1.354 9.481-2.709 16.254",
          "M534.123 753.552c1.354 5.418 2.709 10.384 3.612 15.802",
          "M495.746 749.94l4.966-7.675 35.668 24.381 21.672-37.474 7.224 4.063-25.735 45.601z",
          "M299.344 515.16c0 52.863-42.854 95.718-95.718 95.718s-95.718-42.854-95.718-95.718c0-52.863 42.854-95.718 95.718-95.718s95.718 42.854 95.718 95.718z",
          "M821.277 293.474c0 31.17-25.268 56.437-56.437 56.437s-56.437-25.268-56.437-56.437c0-31.17 25.268-56.437 56.437-56.437s56.437 25.268 56.437 56.437z",
          "M1007.295 510.646c0 275.788-223.57 499.358-499.358 499.358s-499.358-223.57-499.358-499.358c0-275.788 223.57-499.358 499.358-499.358s499.358 223.57 499.358 499.358z",
          "M219.88 512.451c-5.418 0.903-10.836 1.806-16.254 2.709 0 0 5.869 0.451 16.254 2.257",
          "M299.344 515.16c0 52.863-42.854 95.718-95.718 95.718s-95.718-42.854-95.718-95.718c0-52.863 42.854-95.718 95.718-95.718s95.718 42.854 95.718 95.718z",
          "M595.979 843.4c0 31.17-25.268 56.437-56.437 56.437s-56.437-25.268-56.437-56.437c0-31.17 25.268-56.437 56.437-56.437s56.437 25.268 56.437 56.437z",
          "M260.063 515.16c0 31.17-25.268 56.437-56.437 56.437s-56.437-25.268-56.437-56.437c0-31.17 25.268-56.437 56.437-56.437s56.437 25.268 56.437 56.437z",
          "M352.169 293.474c0 31.17-25.268 56.437-56.437 56.437s-56.437-25.268-56.437-56.437c0-31.17 25.268-56.437 56.437-56.437s56.437 25.268 56.437 56.437z",
          "M821.277 757.616c0 31.17-25.268 56.437-56.437 56.437s-56.437-25.268-56.437-56.437c0-31.17 25.268-56.437 56.437-56.437s56.437 25.268 56.437 56.437z",
          "M352.169 757.616c0 31.17-25.268 56.437-56.437 56.437s-56.437-25.268-56.437-56.437c0-31.17 25.268-56.437 56.437-56.437s56.437 25.268 56.437 56.437z"
        ],
        "attrs": [
          {
            "fill": "rgb(152, 152, 152)"
          },
          {
            "fill": "rgb(255, 255, 255)"
          },
          {
            "fill": "rgb(255, 255, 255)"
          },
          {
            "fill": "rgb(255, 255, 255)"
          },
          {
            "fill": "rgb(179, 179, 179)"
          },
          {
            "fill": "rgb(255, 255, 255)"
          },
          {
            "fill": "rgb(28, 70, 137)"
          },
          {
            "fill": "rgb(255, 255, 255)"
          },
          {
            "fill": "rgb(133, 138, 182)"
          },
          {
            "fill": "rgb(255, 255, 255)"
          },
          {
            "fill": "rgb(255, 255, 255)"
          },
          {
            "fill": "rgb(255, 255, 255)"
          },
          {
            "fill": "rgb(255, 255, 255)"
          },
          {
            "fill": "rgb(255, 255, 255)"
          }
        ],
        "isMulticolor": true,
        "isMulticolor2": false,
        "grid": 0,
        "tags": [
          "Icon_Connect_Blue"
        ],
        "colorPermutations": {
          "1021031021188190192118833761255255255133143207167176731": [
            {
              "f": 0
            },
            {
              "f": 5
            },
            {
              "f": 5
            },
            {
              "f": 5
            },
            {
              "f": 0
            },
            {
              "f": 5
            },
            {
              "f": 0
            },
            {
              "f": 5
            },
            {
              "f": 0
            },
            {
              "f": 5
            },
            {
              "f": 5
            },
            {
              "f": 5
            },
            {
              "f": 5
            },
            {
              "f": 5
            }
          ],
          "1331381821152152152117917917911991981981255255255128701371": [
            {
              "f": 1
            },
            {
              "f": 5
            },
            {
              "f": 5
            },
            {
              "f": 5
            },
            {
              "f": 3
            },
            {
              "f": 5
            },
            {
              "f": 0
            },
            {
              "f": 5
            },
            {
              "f": 2
            },
            {
              "f": 5
            },
            {
              "f": 5
            },
            {
              "f": 5
            },
            {
              "f": 5
            },
            {
              "f": 5
            }
          ]
        }
      },
      "attrs": [
        {
          "fill": "rgb(152, 152, 152)"
        },
        {
          "fill": "rgb(255, 255, 255)"
        },
        {
          "fill": "rgb(255, 255, 255)"
        },
        {
          "fill": "rgb(255, 255, 255)"
        },
        {
          "fill": "rgb(179, 179, 179)"
        },
        {
          "fill": "rgb(255, 255, 255)"
        },
        {
          "fill": "rgb(28, 70, 137)"
        },
        {
          "fill": "rgb(255, 255, 255)"
        },
        {
          "fill": "rgb(133, 138, 182)"
        },
        {
          "fill": "rgb(255, 255, 255)"
        },
        {
          "fill": "rgb(255, 255, 255)"
        },
        {
          "fill": "rgb(255, 255, 255)"
        },
        {
          "fill": "rgb(255, 255, 255)"
        },
        {
          "fill": "rgb(255, 255, 255)"
        }
      ],
      "properties": {
        "order": 5,
        "id": 2,
        "name": "Icon_Connect_Blue",
        "prevSize": 32,
        "code": 59663,
        "codes": [
          59663,
          59664,
          59665,
          59666,
          59667,
          59668,
          59669,
          59670,
          59671,
          59672,
          59673,
          59674,
          59675,
          59676
        ]
      },
      "setIdx": 0,
      "setId": 2,
      "iconIdx": 3
    },
    {
      "icon": {
        "paths": [
          "M538.638 259.16c-0.451 4.063-1.354 9.481-2.709 16.254",
          "M534.123 753.552c1.354 5.418 2.709 10.384 3.612 15.802",
          "M495.746 749.94l4.966-7.675 35.668 24.381 21.672-37.474 7.224 4.063-25.735 45.601z",
          "M299.344 515.16c0 52.863-42.854 95.718-95.718 95.718s-95.718-42.854-95.718-95.718c0-52.863 42.854-95.718 95.718-95.718s95.718 42.854 95.718 95.718z",
          "M821.277 293.474c0 31.17-25.268 56.437-56.437 56.437s-56.437-25.268-56.437-56.437c0-31.17 25.268-56.437 56.437-56.437s56.437 25.268 56.437 56.437z",
          "M1007.295 510.646c0 275.788-223.57 499.358-499.358 499.358s-499.358-223.57-499.358-499.358c0-275.788 223.57-499.358 499.358-499.358s499.358 223.57 499.358 499.358z",
          "M219.88 512.451c-5.418 0.903-10.836 1.806-16.254 2.709 0 0 5.869 0.451 16.254 2.257",
          "M299.344 515.16c0 52.863-42.854 95.718-95.718 95.718s-95.718-42.854-95.718-95.718c0-52.863 42.854-95.718 95.718-95.718s95.718 42.854 95.718 95.718z",
          "M595.979 843.4c0 31.17-25.268 56.437-56.437 56.437s-56.437-25.268-56.437-56.437c0-31.17 25.268-56.437 56.437-56.437s56.437 25.268 56.437 56.437z",
          "M260.063 515.16c0 31.17-25.268 56.437-56.437 56.437s-56.437-25.268-56.437-56.437c0-31.17 25.268-56.437 56.437-56.437s56.437 25.268 56.437 56.437z",
          "M352.169 293.474c0 31.17-25.268 56.437-56.437 56.437s-56.437-25.268-56.437-56.437c0-31.17 25.268-56.437 56.437-56.437s56.437 25.268 56.437 56.437z",
          "M821.277 757.616c0 31.17-25.268 56.437-56.437 56.437s-56.437-25.268-56.437-56.437c0-31.17 25.268-56.437 56.437-56.437s56.437 25.268 56.437 56.437z",
          "M352.169 757.616c0 31.17-25.268 56.437-56.437 56.437s-56.437-25.268-56.437-56.437c0-31.17 25.268-56.437 56.437-56.437s56.437 25.268 56.437 56.437z"
        ],
        "attrs": [
          {
            "fill": "rgb(255, 255, 255)"
          },
          {
            "fill": "rgb(255, 255, 255)"
          },
          {
            "fill": "rgb(255, 255, 255)"
          },
          {
            "fill": "rgb(179, 179, 179)"
          },
          {
            "fill": "rgb(255, 255, 255)"
          },
          {
            "fill": "rgb(152, 152, 152)"
          },
          {
            "fill": "rgb(255, 255, 255)"
          },
          {
            "fill": "rgb(199, 198, 198)"
          },
          {
            "fill": "rgb(255, 255, 255)"
          },
          {
            "fill": "rgb(255, 255, 255)"
          },
          {
            "fill": "rgb(255, 255, 255)"
          },
          {
            "fill": "rgb(255, 255, 255)"
          },
          {
            "fill": "rgb(255, 255, 255)"
          }
        ],
        "isMulticolor": true,
        "isMulticolor2": false,
        "grid": 0,
        "tags": [
          "Icon_Connect_Grey"
        ],
        "colorPermutations": {
          "1021031021188190192118833761255255255133143207167176731": [
            {
              "f": 5
            },
            {
              "f": 5
            },
            {
              "f": 5
            },
            {
              "f": 0
            },
            {
              "f": 5
            },
            {
              "f": 0
            },
            {
              "f": 5
            },
            {
              "f": 0
            },
            {
              "f": 5
            },
            {
              "f": 5
            },
            {
              "f": 5
            },
            {
              "f": 5
            },
            {
              "f": 5
            }
          ],
          "1331381821152152152117917917911991981981255255255128701371": [
            {
              "f": 5
            },
            {
              "f": 5
            },
            {
              "f": 5
            },
            {
              "f": 3
            },
            {
              "f": 5
            },
            {
              "f": 1
            },
            {
              "f": 5
            },
            {
              "f": 4
            },
            {
              "f": 5
            },
            {
              "f": 5
            },
            {
              "f": 5
            },
            {
              "f": 5
            },
            {
              "f": 5
            }
          ]
        }
      },
      "attrs": [
        {
          "fill": "rgb(255, 255, 255)"
        },
        {
          "fill": "rgb(255, 255, 255)"
        },
        {
          "fill": "rgb(255, 255, 255)"
        },
        {
          "fill": "rgb(179, 179, 179)"
        },
        {
          "fill": "rgb(255, 255, 255)"
        },
        {
          "fill": "rgb(152, 152, 152)"
        },
        {
          "fill": "rgb(255, 255, 255)"
        },
        {
          "fill": "rgb(199, 198, 198)"
        },
        {
          "fill": "rgb(255, 255, 255)"
        },
        {
          "fill": "rgb(255, 255, 255)"
        },
        {
          "fill": "rgb(255, 255, 255)"
        },
        {
          "fill": "rgb(255, 255, 255)"
        },
        {
          "fill": "rgb(255, 255, 255)"
        }
      ],
      "properties": {
        "order": 6,
        "id": 1,
        "name": "Icon_Connect_Grey",
        "prevSize": 32,
        "code": 59677,
        "codes": [
          59677,
          59678,
          59679,
          59680,
          59681,
          59682,
          59683,
          59684,
          59685,
          59686,
          59687,
          59688,
          59689
        ]
      },
      "setIdx": 0,
      "setId": 2,
      "iconIdx": 4
    },
    {
      "icon": {
        "paths": [
          "M1010.004 513.806c0 275.788-223.57 499.358-499.358 499.358s-499.358-223.57-499.358-499.358c0-275.788 223.57-499.358 499.358-499.358s499.358 223.57 499.358 499.358z",
          "M832.564 745.877h-602.751v-493.489h22.123v471.365h580.628z",
          "M195.951 288.959l8.127 7.675 37.023-39.732 37.023 39.732 8.127-7.675-45.15-48.31z",
          "M795.993 779.739l-7.675-7.675 39.732-37.474-39.732-37.023 7.675-8.127 48.31 45.15z",
          "M460.078 578.37c0 31.17-25.268 56.437-56.437 56.437s-56.437-25.268-56.437-56.437c0-31.17 25.268-56.437 56.437-56.437s56.437 25.268 56.437 56.437z",
          "M655.577 338.173c0 31.17-25.268 56.437-56.437 56.437s-56.437-25.268-56.437-56.437c0-31.17 25.268-56.437 56.437-56.437s56.437 25.268 56.437 56.437z",
          "M692.6 540.896c0 31.17-25.268 56.437-56.437 56.437s-56.437-25.268-56.437-56.437c0-31.17 25.268-56.437 56.437-56.437s56.437 25.268 56.437 56.437z"
        ],
        "attrs": [
          {
            "fill": "rgb(28, 70, 137)"
          },
          {
            "fill": "rgb(255, 255, 255)"
          },
          {
            "fill": "rgb(255, 255, 255)"
          },
          {
            "fill": "rgb(255, 255, 255)"
          },
          {
            "fill": "rgb(255, 255, 255)"
          },
          {
            "fill": "rgb(255, 255, 255)"
          },
          {
            "fill": "rgb(255, 255, 255)"
          }
        ],
        "isMulticolor": true,
        "isMulticolor2": false,
        "grid": 0,
        "tags": [
          "Icon_SevLikel_Blue"
        ],
        "colorPermutations": {
          "1021031021188190192118833761255255255133143207167176731": [
            {
              "f": 0
            },
            {
              "f": 5
            },
            {
              "f": 5
            },
            {
              "f": 5
            },
            {
              "f": 5
            },
            {
              "f": 5
            },
            {
              "f": 5
            }
          ],
          "1331381821152152152117917917911991981981255255255128701371": [
            {
              "f": 0
            },
            {
              "f": 5
            },
            {
              "f": 5
            },
            {
              "f": 5
            },
            {
              "f": 5
            },
            {
              "f": 5
            },
            {
              "f": 5
            }
          ]
        }
      },
      "attrs": [
        {
          "fill": "rgb(28, 70, 137)"
        },
        {
          "fill": "rgb(255, 255, 255)"
        },
        {
          "fill": "rgb(255, 255, 255)"
        },
        {
          "fill": "rgb(255, 255, 255)"
        },
        {
          "fill": "rgb(255, 255, 255)"
        },
        {
          "fill": "rgb(255, 255, 255)"
        },
        {
          "fill": "rgb(255, 255, 255)"
        }
      ],
      "properties": {
        "order": 7,
        "id": 0,
        "name": "Icon_SevLikel_Blue",
        "prevSize": 32,
        "code": 59690,
        "codes": [
          59690,
          59691,
          59692,
          59693,
          59694,
          59695,
          59696
        ]
      },
      "setIdx": 0,
      "setId": 2,
      "iconIdx": 5
    }
  ],
  "height": 1024,
  "metadata": {
    "name": "icomoon"
  },
  "preferences": {
    "showGlyphs": true,
    "showQuickUse": true,
    "showQuickUse2": true,
    "showSVGs": true,
    "fontPref": {
      "prefix": "icon-",
      "metadata": {
        "fontFamily": "icomoon"
      },
      "metrics": {
        "emSize": 1024,
        "baseline": 6.25,
        "whitespace": 50
      },
      "embed": false
    },
    "imagePref": {
      "prefix": "icon-",
      "png": true,
      "useClassSelector": true,
      "color": 0,
      "bgColor": 16777215,
      "classSelector": ".icon"
    },
    "historySize": 100,
    "showCodes": true,
    "gridSize": 16
  }
}