{
  "IcoMoonType": "selection",
  "icons": [
    {
      "icon": {
        "paths": [
          "M1007.295 510.646c0 275.788-223.57 499.358-499.358 499.358s-499.358-223.57-499.358-499.358c0-275.788 223.57-499.358 499.358-499.358s499.358 223.57 499.358 499.358z",
          "M538.638 259.16c-0.451 4.063-1.354 9.481-2.709 16.254",
          "M534.123 753.552c1.354 5.418 2.709 10.384 3.612 15.802",
          "M495.746 749.94l4.966-7.675 35.668 24.381 21.672-37.474 7.224 4.063-25.735 45.601z",
          "M299.344 515.16c0 52.863-42.854 95.718-95.718 95.718s-95.718-42.854-95.718-95.718c0-52.863 42.854-95.718 95.718-95.718s95.718 42.854 95.718 95.718z",
          "M821.277 293.474c0 31.17-25.268 56.437-56.437 56.437s-56.437-25.268-56.437-56.437c0-31.17 25.268-56.437 56.437-56.437s56.437 25.268 56.437 56.437z",
          "M1007.295 510.646c0 275.788-223.57 499.358-499.358 499.358s-499.358-223.57-499.358-499.358c0-275.788 223.57-499.358 499.358-499.358s499.358 223.57 499.358 499.358z",
          "M219.88 512.451c-5.418 0.903-10.836 1.806-16.254 2.709 0 0 5.869 0.451 16.254 2.257",
          "M299.344 515.16c0 52.863-42.854 95.718-95.718 95.718s-95.718-42.854-95.718-95.718c0-52.863 42.854-95.718 95.718-95.718s95.718 42.854 95.718 95.718z",
          "M595.979 843.4c0 31.17-25.268 56.437-56.437 56.437s-56.437-25.268-56.437-56.437c0-31.17 25.268-56.437 56.437-56.437s56.437 25.268 56.437 56.437z",
          "M260.063 515.16c0 31.17-25.268 56.437-56.437 56.437s-56.437-25.268-56.437-56.437c0-31.17 25.268-56.437 56.437-56.437s56.437 25.268 56.437 56.437z",
          "M352.169 293.474c0 31.17-25.268 56.437-56.437 56.437s-56.437-25.268-56.437-56.437c0-31.17 25.268-56.437 56.437-56.437s56.437 25.268 56.437 56.437z",
          "M821.277 757.616c0 31.17-25.268 56.437-56.437 56.437s-56.437-25.268-56.437-56.437c0-31.17 25.268-56.437 56.437-56.437s56.437 25.268 56.437 56.437z",
          "M352.169 757.616c0 31.17-25.268 56.437-56.437 56.437s-56.437-25.268-56.437-56.437c0-31.17 25.268-56.437 56.437-56.437s56.437 25.268 56.437 56.437z"
        ],
        "attrs": [
          {
            "fill": "rgb(152, 152, 152)"
          },
          {
            "fill": "rgb(255, 255, 255)"
          },
          {
            "fill": "rgb(255, 255, 255)"
          },
          {
            "fill": "rgb(255, 255, 255)"
          },
          {
            "fill": "rgb(179, 179, 179)"
          },
          {
            "fill": "rgb(255, 255, 255)"
          },
          {
            "fill": "rgb(28, 70, 137)"
          },
          {
            "fill": "rgb(255, 255, 255)"
          },
          {
            "fill": "rgb(133, 138, 182)"
          },
          {
            "fill": "rgb(255, 255, 255)"
          },
          {
            "fill": "rgb(255, 255, 255)"
          },
          {
            "fill": "rgb(255, 255, 255)"
          },
          {
            "fill": "rgb(255, 255, 255)"
          },
          {
            "fill": "rgb(255, 255, 255)"
          }
        ],
        "isMulticolor": true,
        "isMulticolor2": false,
        "grid": 0,
        "tags": [
          "connectblue"
        ],
        "colorPermutations": {
          "1131121121133138182114922011521521521179179179121921821812552552551287013713314720914817975161616018888871": [
            {
              "f": 7
            },
            {
              "f": 11
            },
            {
              "f": 11
            },
            {
              "f": 11
            },
            {
              "f": 9
            },
            {
              "f": 11
            },
            {
              "f": 1
            },
            {
              "f": 11
            },
            {
              "f": 8
            },
            {
              "f": 11
            },
            {
              "f": 11
            },
            {
              "f": 11
            },
            {
              "f": 11
            },
            {
              "f": 11
            }
          ]
        }
      },
      "attrs": [
        {
          "fill": "rgb(152, 152, 152)"
        },
        {
          "fill": "rgb(255, 255, 255)"
        },
        {
          "fill": "rgb(255, 255, 255)"
        },
        {
          "fill": "rgb(255, 255, 255)"
        },
        {
          "fill": "rgb(179, 179, 179)"
        },
        {
          "fill": "rgb(255, 255, 255)"
        },
        {
          "fill": "rgb(28, 70, 137)"
        },
        {
          "fill": "rgb(255, 255, 255)"
        },
        {
          "fill": "rgb(133, 138, 182)"
        },
        {
          "fill": "rgb(255, 255, 255)"
        },
        {
          "fill": "rgb(255, 255, 255)"
        },
        {
          "fill": "rgb(255, 255, 255)"
        },
        {
          "fill": "rgb(255, 255, 255)"
        },
        {
          "fill": "rgb(255, 255, 255)"
        }
      ],
      "properties": {
        "order": 2,
        "id": 9,
        "name": "connectblue",
        "prevSize": 32,
        "code": 59648,
        "codes": [
          59648,
          59649,
          59650,
          59651,
          59652,
          59653,
          59654,
          59655,
          59656,
          59657,
          59658,
          59659,
          59660,
          59661
        ]
      },
      "setIdx": 0,
      "setId": 2,
      "iconIdx": 0
    },
    {
      "icon": {
        "paths": [
          "M510.646 32.508c-264.578 0-479.944 215.365-479.944 479.944s215.365 479.944 479.944 479.944 479.944-215.365 479.944-479.944-214.914-479.944-479.944-479.944z",
          "M553.989 305.213c0.903 23.478-16.705 42.441-44.247 42.441-24.381 0-41.989-18.963-41.989-42.441 0-24.381 18.060-43.344 43.344-43.344 26.187 0 42.892 18.963 42.892 43.344zM476.332 759.422v-312.437c0-18.963 15.351-34.765 34.765-34.765v0c18.963 0 34.765 15.351 34.765 34.765v312.437c0 18.963-15.351 34.765-34.765 34.765v0c-18.963 0-34.765-15.802-34.765-34.765z"
        ],
        "attrs": [
          {
            "fill": "rgb(0, 149, 220)"
          },
          {
            "fill": "rgb(255, 255, 255)"
          }
        ],
        "isMulticolor": true,
        "isMulticolor2": false,
        "grid": 0,
        "tags": [
          "Information"
        ],
        "colorPermutations": {
          "1131121121133138182114922011521521521179179179121921821812552552551287013713314720914817975161616018888871": [
            {
              "f": 3
            },
            {
              "f": 11
            }
          ]
        }
      },
      "attrs": [
        {
          "fill": "rgb(0, 149, 220)"
        },
        {
          "fill": "rgb(255, 255, 255)"
        }
      ],
      "properties": {
        "order": 3,
        "id": 8,
        "name": "Information",
        "prevSize": 32,
        "code": 59662,
        "codes": [
          59662,
          59663
        ]
      },
      "setIdx": 0,
      "setId": 2,
      "iconIdx": 1
    },
    {
      "icon": {
        "paths": [
          "M43.405 121.657v780.074h2512.621v-780.074h-2512.621zM108.819 676.146v-489.075h2381.793v488.463h-2381.793z",
          "M885.225 798.414l18.952 6.113c-3.057 10.393-7.947 18.34-14.672 23.231s-15.284 7.947-25.676 7.947c-12.838 0-23.231-4.279-31.79-12.838-7.947-8.559-12.227-20.786-12.227-36.069 0-15.895 4.279-28.733 12.227-37.292 8.559-9.17 18.952-13.45 32.401-13.45 11.616 0 21.397 3.668 28.733 10.393 4.279 4.279 7.947 9.781 9.781 17.729l-19.563 4.891c-1.223-4.891-3.668-9.17-7.336-11.616-3.668-3.057-7.947-4.279-13.45-4.279-7.336 0-12.838 2.445-17.118 7.947-4.279 4.891-6.725 13.45-6.725 25.065 0 12.227 2.445 20.786 6.725 26.288 4.279 4.891 9.781 7.947 17.118 7.947 4.891 0 9.781-1.834 13.45-4.891 4.891-4.891 7.336-9.781 9.17-17.118z",
          "M916.404 786.187c0-9.781 1.223-18.34 4.279-24.454 2.445-4.891 4.891-9.17 9.17-13.45 3.668-3.668 7.947-6.725 12.227-8.559 6.113-2.445 12.838-3.668 20.786-3.668 14.061 0 25.676 4.279 34.235 13.45 8.559 8.559 12.838 20.786 12.838 36.681 0 15.284-4.279 27.51-12.838 36.681-8.559 8.559-19.563 13.45-33.624 13.45s-25.676-4.279-34.235-12.838c-8.559-9.781-12.838-22.008-12.838-37.292zM936.578 785.576c0 11.004 2.445 18.952 7.336 25.065 4.891 5.502 11.616 8.559 18.952 8.559 7.947 0 14.061-3.057 18.952-8.559s7.336-14.061 7.336-25.065c0-11.004-2.445-19.563-7.336-24.454-4.891-5.502-11.004-7.947-19.563-7.947-7.947 0-14.672 3.057-19.563 8.559-3.668 4.279-6.113 12.838-6.113 23.842z",
          "M1025.834 833.872v-95.37h19.563v79.475h48.296v16.506h-67.859z",
          "M1107.754 833.872v-95.37h19.563v79.475h48.296v16.506h-67.859z",
          "M1276.485 833.872h-21.397l-8.559-22.008h-38.515l-7.947 22.008h-20.174l37.292-96.592h20.786l38.515 96.592zM1241.027 795.969l-13.45-36.069-12.838 36.069h26.288z",
          "M1286.878 833.872v-96.592h31.179c11.616 0 19.563 0.611 23.231 1.223 5.502 1.223 10.393 4.891 14.061 9.17 3.668 4.891 5.502 11.004 5.502 18.952 0 6.113-1.223 11.004-3.057 14.672-2.445 4.279-4.891 7.336-7.947 9.781s-6.725 3.668-10.393 4.279c-4.891 1.223-11.616 1.223-20.174 1.223h-12.838v36.069h-19.563zM1306.441 753.786v27.51h10.393c7.947 0 12.838-0.611 15.284-1.223 2.445-1.223 4.891-2.445 6.113-4.891s2.445-4.891 2.445-7.336c0-3.668-1.223-6.113-3.057-8.559s-4.891-3.668-7.947-4.279c-2.445-0.611-6.725-0.611-14.061-0.611h-9.17z",
          "M1371.854 802.694l18.952-1.834c1.223 6.113 3.668 11.004 6.725 14.061 3.668 3.057 7.947 4.279 14.061 4.279s11.004-1.223 14.061-4.279c3.057-2.445 4.891-5.502 4.891-9.17 0-2.445-0.611-4.279-1.834-5.502s-3.668-3.057-6.725-4.279c-2.445-0.611-7.336-2.445-15.284-4.279-10.393-2.445-17.729-5.502-22.008-9.781-6.113-5.502-9.17-11.616-9.17-19.563 0-4.891 1.223-9.781 4.279-14.061s6.725-7.336 12.227-9.781c5.502-2.445 11.616-3.057 18.952-3.057 12.227 0 21.397 2.445 27.51 7.947s9.17 12.227 9.781 21.397l-19.563 0.611c-0.611-4.891-2.445-8.559-5.502-10.393-2.445-2.445-6.725-3.057-12.227-3.057s-9.781 1.223-13.45 3.668c-1.834 1.223-3.057 3.668-3.057 6.113s1.223 4.279 3.057 6.113c2.445 1.834 8.559 4.279 17.729 6.725s16.506 4.279 20.786 6.725c4.279 2.445 7.947 5.502 10.393 9.781s3.668 9.17 3.668 15.284c0 5.502-1.834 10.393-4.891 15.284s-7.336 8.559-12.838 11.004c-5.502 2.445-12.838 3.668-20.786 3.668-12.227 0-21.397-3.057-28.122-8.559-6.725-6.113-10.393-14.672-11.616-25.065z",
          "M1466.613 833.872v-96.592h71.527v16.506h-51.964v21.397h48.296v16.506h-48.296v26.288h53.798v16.506h-73.361z",
          "M1722.154 747.673l63.58 58.689-15.895 17.118-47.685-44.017-47.685 44.017-15.895-17.118z",
          "M596.060 419.381h323.401v22.008h-323.401v-22.008z",
          "M847.322 519.642l-14.672-15.895 78.863-73.361-78.863-73.361 14.672-15.895 95.981 89.256z",
          "M1546.699 419.381h323.401v22.008h-323.401v-22.008z",
          "M1797.961 519.642l-15.284-15.895 78.863-73.361-78.863-73.361 15.284-15.895 95.981 89.256z",
          "M526.978 438.944c0 97.914-79.375 177.29-177.29 177.29s-177.29-79.375-177.29-177.29c0-97.914 79.375-177.29 177.29-177.29s177.29 79.375 177.29 177.29z",
          "M376.587 515.974h-32.401v-121.657c-11.616 11.004-25.676 18.952-41.571 24.454v-29.344c8.559-3.057 17.729-7.947 27.51-15.895s16.506-16.506 20.174-26.899h26.288v169.342z",
          "M1477.005 438.944c0 97.914-79.375 177.29-177.29 177.29s-177.29-79.375-177.29-177.29c0-97.914 79.375-177.29 177.29-177.29s177.29 79.375 177.29 177.29z",
          "M1353.514 486.018v29.956h-113.099c1.223-11.616 4.891-22.008 11.004-32.401s18.34-23.842 36.069-40.349c14.672-13.45 23.231-22.62 26.899-27.51 4.279-6.725 6.725-13.45 6.725-19.563 0-7.336-1.834-12.838-5.502-16.506s-9.17-5.502-15.895-5.502c-6.725 0-12.227 1.834-15.895 6.113s-6.113 11.004-6.725 20.174l-32.401-3.057c1.834-17.729 7.947-30.567 17.729-37.903 10.393-7.947 22.62-11.616 37.903-11.616 16.506 0 29.344 4.279 39.126 13.45s14.061 20.174 14.061 33.624c0 7.336-1.223 14.672-4.279 21.397-2.445 6.725-6.725 14.061-12.838 21.397-3.668 4.891-11.004 12.227-21.397 21.397s-16.506 15.284-19.563 18.34c-2.445 3.057-4.891 6.113-6.725 9.17h64.802z",
          "M2427.033 438.944c0 97.914-79.375 177.29-177.29 177.29s-177.29-79.375-177.29-177.29c0-97.914 79.375-177.29 177.29-177.29s177.29 79.375 177.29 177.29z",
          "M2193.5 471.346l31.179-3.668c1.223 7.947 3.668 14.061 7.947 18.34s9.781 6.113 15.895 6.113c6.725 0 12.227-2.445 16.506-7.336s6.725-11.616 6.725-20.174c0-7.947-2.445-14.672-6.725-19.563s-9.781-7.336-15.895-7.336c-4.279 0-9.17 0.611-14.672 2.445l3.668-26.288c8.559 0 15.284-1.834 20.174-5.502 4.891-4.279 6.725-9.17 6.725-15.895 0-5.502-1.834-10.393-4.891-13.45-3.668-3.668-7.947-4.891-13.45-4.891s-10.393 1.834-14.061 5.502c-3.668 3.668-6.113 9.17-7.336 16.506l-29.956-4.891c1.834-10.393 4.891-18.34 9.17-24.454s9.781-11.004 17.729-14.061c7.336-3.668 15.895-5.502 25.065-5.502 15.895 0 28.733 4.891 37.903 15.284 7.947 8.559 11.616 17.729 11.616 28.122 0 14.672-7.947 26.288-24.454 35.458 9.781 1.834 17.118 6.725 23.231 14.061 5.502 7.336 8.559 15.895 8.559 26.288 0 14.672-5.502 27.51-15.895 37.903-11.004 10.393-24.454 15.895-40.349 15.895-15.284 0-28.122-4.279-37.903-12.838-9.17-10.393-14.672-22.008-16.506-36.069z"
        ],
        "attrs": [
          {
            "fill": "rgb(219, 218, 218)"
          },
          {
            "fill": "rgb(88, 88, 87)"
          },
          {
            "fill": "rgb(88, 88, 87)"
          },
          {
            "fill": "rgb(88, 88, 87)"
          },
          {
            "fill": "rgb(88, 88, 87)"
          },
          {
            "fill": "rgb(88, 88, 87)"
          },
          {
            "fill": "rgb(88, 88, 87)"
          },
          {
            "fill": "rgb(88, 88, 87)"
          },
          {
            "fill": "rgb(88, 88, 87)"
          },
          {
            "fill": "rgb(61, 61, 60)"
          },
          {
            "fill": "rgb(48, 179, 75)"
          },
          {
            "fill": "rgb(48, 179, 75)"
          },
          {
            "fill": "rgb(48, 179, 75)"
          },
          {
            "fill": "rgb(48, 179, 75)"
          },
          {
            "fill": "rgb(113, 112, 112)"
          },
          {
            "fill": "rgb(255, 255, 255)"
          },
          {
            "fill": "rgb(113, 112, 112)"
          },
          {
            "fill": "rgb(255, 255, 255)"
          },
          {
            "fill": "rgb(113, 112, 112)"
          },
          {
            "fill": "rgb(255, 255, 255)"
          }
        ],
        "width": 2599,
        "isMulticolor": true,
        "isMulticolor2": false,
        "grid": 0,
        "tags": [
          "instruction"
        ],
        "colorPermutations": {
          "1131121121133138182114922011521521521179179179121921821812552552551287013713314720914817975161616018888871": [
            {
              "f": 10
            },
            {
              "f": 2
            },
            {
              "f": 2
            },
            {
              "f": 2
            },
            {
              "f": 2
            },
            {
              "f": 2
            },
            {
              "f": 2
            },
            {
              "f": 2
            },
            {
              "f": 2
            },
            {
              "f": 0
            },
            {
              "f": 5
            },
            {
              "f": 5
            },
            {
              "f": 5
            },
            {
              "f": 5
            },
            {
              "f": 4
            },
            {
              "f": 11
            },
            {
              "f": 4
            },
            {
              "f": 11
            },
            {
              "f": 4
            },
            {
              "f": 11
            }
          ]
        }
      },
      "attrs": [
        {
          "fill": "rgb(219, 218, 218)"
        },
        {
          "fill": "rgb(88, 88, 87)"
        },
        {
          "fill": "rgb(88, 88, 87)"
        },
        {
          "fill": "rgb(88, 88, 87)"
        },
        {
          "fill": "rgb(88, 88, 87)"
        },
        {
          "fill": "rgb(88, 88, 87)"
        },
        {
          "fill": "rgb(88, 88, 87)"
        },
        {
          "fill": "rgb(88, 88, 87)"
        },
        {
          "fill": "rgb(88, 88, 87)"
        },
        {
          "fill": "rgb(61, 61, 60)"
        },
        {
          "fill": "rgb(48, 179, 75)"
        },
        {
          "fill": "rgb(48, 179, 75)"
        },
        {
          "fill": "rgb(48, 179, 75)"
        },
        {
          "fill": "rgb(48, 179, 75)"
        },
        {
          "fill": "rgb(113, 112, 112)"
        },
        {
          "fill": "rgb(255, 255, 255)"
        },
        {
          "fill": "rgb(113, 112, 112)"
        },
        {
          "fill": "rgb(255, 255, 255)"
        },
        {
          "fill": "rgb(113, 112, 112)"
        },
        {
          "fill": "rgb(255, 255, 255)"
        }
      ],
      "properties": {
        "order": 4,
        "id": 7,
        "name": "instruction",
        "prevSize": 32,
        "code": 59664,
        "codes": [
          59664,
          59665,
          59666,
          59667,
          59668,
          59669,
          59670,
          59671,
          59672,
          59673,
          59674,
          59675,
          59676,
          59677,
          59678,
          59679,
          59680,
          59681,
          59682,
          59683
        ]
      },
      "setIdx": 0,
      "setId": 2,
      "iconIdx": 2
    },
    {
      "icon": {
        "paths": [
          "M867.33 990.138h-711.111c-39.732 0-71.788-32.056-71.788-71.788v-524.19c0-39.732 32.056-71.788 71.788-71.788h711.111c39.732 0 71.788 32.056 71.788 71.788v524.19c0 39.28-32.056 71.788-71.788 71.788z",
          "M512 475.88c-44.247 0-79.464 35.668-79.464 79.464 0 33.411 20.317 61.855 49.665 73.594l-29.799 207.238h119.196l-29.799-207.238c28.896-11.739 49.665-40.635 49.665-73.594-0-43.795-35.668-79.464-79.464-79.464z",
          "M262.321 335.915c-10.384 0-18.963-8.578-18.963-18.963v-117.39c0.451-98.427 78.109-178.794 173.827-178.794h190.081c95.718 0 173.376 79.915 173.376 178.342v117.841c0 10.384-8.578 18.963-18.963 18.963s-18.963-8.578-18.963-18.963v-117.39c-0-77.658-60.952-140.868-135.901-140.868h-189.63c-74.949 0-135.901 63.21-135.901 140.868v117.841c0 9.933-8.578 18.511-18.963 18.511z"
        ],
        "attrs": [
          {
            "fill": "rgb(33, 147, 209)"
          },
          {
            "fill": "rgb(255, 255, 255)"
          },
          {
            "fill": "rgb(33, 147, 209)"
          }
        ],
        "isMulticolor": true,
        "isMulticolor2": false,
        "grid": 0,
        "tags": [
          "lock"
        ],
        "colorPermutations": {
          "1131121121133138182114922011521521521179179179121921821812552552551287013713314720914817975161616018888871": [
            {
              "f": 6
            },
            {
              "f": 11
            },
            {
              "f": 6
            }
          ]
        }
      },
      "attrs": [
        {
          "fill": "rgb(33, 147, 209)"
        },
        {
          "fill": "rgb(255, 255, 255)"
        },
        {
          "fill": "rgb(33, 147, 209)"
        }
      ],
      "properties": {
        "order": 5,
        "id": 6,
        "name": "lock",
        "prevSize": 32,
        "code": 59684,
        "codes": [
          59684,
          59685,
          59686
        ]
      },
      "setIdx": 0,
      "setId": 2,
      "iconIdx": 3
    },
    {
      "icon": {
        "paths": [
          "M61.134 58.689h2484.499v911.513h-2484.499v-911.513z",
          "M2559.694 984.874h-2513.232v-940.246h2512.621v940.246zM75.195 956.141h2455.766v-882.78h-2455.766v882.78z",
          "M832.65 535.537l55.632-5.502c3.057 18.34 10.393 32.401 20.174 40.96 10.393 8.559 23.842 12.838 40.96 12.838 18.34 0 32.401-3.668 41.571-11.616s14.061-17.118 14.061-26.899c0-6.725-1.834-12.227-6.113-17.118-3.668-4.891-11.004-8.559-20.174-12.227-6.725-2.445-22.008-6.113-45.851-12.227-30.567-7.336-51.964-17.118-64.191-28.122-17.118-15.284-25.676-34.235-25.676-56.855 0-14.061 4.279-27.51 12.227-40.349 7.947-12.227 19.563-22.008 35.458-28.733 15.284-6.725 33.624-9.781 55.632-9.781 35.458 0 61.746 7.947 80.086 23.231 17.729 15.284 27.51 36.069 28.122 62.357l-56.855 2.445c-2.445-14.672-7.947-25.065-15.895-31.179s-20.174-9.781-36.069-9.781c-16.506 0-29.344 3.668-39.126 10.393-6.113 4.279-9.17 10.393-9.17 17.729 0 6.725 3.057 12.227 8.559 17.118 7.336 6.113 24.454 12.227 52.576 18.952 27.51 6.725 48.296 13.45 61.134 20.174 13.45 6.725 23.842 16.506 31.179 28.733s11.004 26.899 11.004 44.628c0 15.895-4.279 31.179-13.45 45.239s-21.397 24.454-37.903 31.179c-16.506 6.725-36.681 10.393-61.134 10.393-35.458 0-62.968-7.947-81.92-24.454-19.563-15.895-31.179-40.349-34.847-71.527z",
          "M1149.937 485.407l-48.907-8.559c5.502-19.563 15.284-34.235 28.733-44.017s33.624-14.061 59.912-14.061c23.842 0 42.183 3.057 53.798 8.559s20.174 12.838 25.065 22.008c4.891 8.559 7.336 25.065 7.336 48.296l-0.611 62.968c0 17.729 0.611 31.179 2.445 39.737s4.891 17.729 9.781 27.51h-53.187c-1.223-3.668-3.057-9.17-4.891-15.895-0.611-3.057-1.834-5.502-1.834-6.113-9.17 9.17-18.952 15.895-29.344 20.174s-22.008 6.725-33.624 6.725c-20.786 0-37.292-5.502-49.519-17.118s-18.34-25.676-18.34-43.405c0-11.616 2.445-22.008 8.559-30.567 5.502-9.17 13.45-15.895 23.231-20.786s24.454-9.17 42.794-12.838c25.065-4.891 42.794-9.17 52.576-13.45v-5.502c0-10.393-2.445-17.729-7.947-22.008s-14.672-6.725-28.733-6.725c-9.781 0-17.118 1.834-22.62 5.502-6.725 3.057-11.616 9.781-14.672 19.563zM1222.075 528.812c-6.725 2.445-17.729 4.891-33.013 8.559-15.284 3.057-25.065 6.113-29.344 9.17-7.336 4.891-10.393 11.616-10.393 18.952s3.057 14.061 8.559 19.563c5.502 5.502 12.838 8.559 21.397 8.559 9.781 0 18.952-3.057 28.122-9.781 6.725-4.891 11.004-11.004 12.838-17.729 1.223-4.891 1.834-13.45 1.834-26.288v-11.004z",
          "M1384.693 627.238l-82.531-204.189h56.855l38.515 103.928 11.004 34.847c3.057-8.559 4.891-14.672 5.502-17.729 1.834-5.502 3.668-11.616 5.502-17.118l39.126-103.928h55.632l-81.309 204.189h-48.296z",
          "M1665.91 561.824l53.798 9.17c-6.725 19.563-17.729 34.847-33.013 45.239-14.672 10.393-33.624 15.284-56.244 15.284-35.458 0-61.746-11.616-78.863-34.847-13.45-18.34-20.174-42.183-20.174-70.304 0-33.624 9.17-60.523 26.288-79.475 17.729-18.952 40.349-28.733 67.248-28.733 30.567 0 54.41 9.781 72.139 29.956s25.676 50.741 25.065 92.313h-135.107c0.611 15.895 4.891 28.733 12.838 37.292 8.559 9.17 18.952 13.45 31.179 13.45 8.559 0 15.284-2.445 21.397-6.725 6.113-4.891 10.393-12.227 13.45-22.62zM1668.967 507.415c-0.611-15.895-4.279-27.51-12.227-35.458s-17.118-12.227-28.122-12.227c-11.616 0-21.397 4.279-29.344 12.838s-11.616 20.174-11.616 34.847h81.309z"
        ],
        "attrs": [
          {
            "fill": "rgb(255, 255, 255)"
          },
          {
            "fill": "rgb(48, 179, 75)"
          },
          {
            "fill": "rgb(48, 179, 75)"
          },
          {
            "fill": "rgb(48, 179, 75)"
          },
          {
            "fill": "rgb(48, 179, 75)"
          },
          {
            "fill": "rgb(48, 179, 75)"
          }
        ],
        "width": 2599,
        "isMulticolor": true,
        "isMulticolor2": false,
        "grid": 0,
        "tags": [
          "save"
        ],
        "colorPermutations": {
          "1131121121133138182114922011521521521179179179121921821812552552551287013713314720914817975161616018888871": [
            {
              "f": 11
            },
            {
              "f": 5
            },
            {
              "f": 5
            },
            {
              "f": 5
            },
            {
              "f": 5
            },
            {
              "f": 5
            }
          ]
        }
      },
      "attrs": [
        {
          "fill": "rgb(255, 255, 255)"
        },
        {
          "fill": "rgb(48, 179, 75)"
        },
        {
          "fill": "rgb(48, 179, 75)"
        },
        {
          "fill": "rgb(48, 179, 75)"
        },
        {
          "fill": "rgb(48, 179, 75)"
        },
        {
          "fill": "rgb(48, 179, 75)"
        }
      ],
      "properties": {
        "order": 6,
        "id": 5,
        "name": "save",
        "prevSize": 32,
        "code": 59687,
        "codes": [
          59687,
          59688,
          59689,
          59690,
          59691,
          59692
        ]
      },
      "setIdx": 0,
      "setId": 2,
      "iconIdx": 4
    },
    {
      "icon": {
        "paths": [
          "M1010.004 513.806c0 275.788-223.57 499.358-499.358 499.358s-499.358-223.57-499.358-499.358c0-275.788 223.57-499.358 499.358-499.358s499.358 223.57 499.358 499.358z",
          "M832.564 745.877h-602.751v-493.489h22.123v471.365h580.628z",
          "M195.951 288.959l8.127 7.675 37.023-39.732 37.023 39.732 8.127-7.675-45.15-48.31z",
          "M795.993 779.739l-7.675-7.675 39.732-37.474-39.732-37.023 7.675-8.127 48.31 45.15z",
          "M460.078 578.37c0 31.17-25.268 56.437-56.437 56.437s-56.437-25.268-56.437-56.437c0-31.17 25.268-56.437 56.437-56.437s56.437 25.268 56.437 56.437z",
          "M655.577 338.173c0 31.17-25.268 56.437-56.437 56.437s-56.437-25.268-56.437-56.437c0-31.17 25.268-56.437 56.437-56.437s56.437 25.268 56.437 56.437z",
          "M692.6 540.896c0 31.17-25.268 56.437-56.437 56.437s-56.437-25.268-56.437-56.437c0-31.17 25.268-56.437 56.437-56.437s56.437 25.268 56.437 56.437z"
        ],
        "attrs": [
          {
            "fill": "rgb(28, 70, 137)"
          },
          {
            "fill": "rgb(255, 255, 255)"
          },
          {
            "fill": "rgb(255, 255, 255)"
          },
          {
            "fill": "rgb(255, 255, 255)"
          },
          {
            "fill": "rgb(255, 255, 255)"
          },
          {
            "fill": "rgb(255, 255, 255)"
          },
          {
            "fill": "rgb(255, 255, 255)"
          }
        ],
        "isMulticolor": true,
        "isMulticolor2": false,
        "grid": 0,
        "tags": [
          "servlikeblue"
        ],
        "colorPermutations": {
          "1131121121133138182114922011521521521179179179121921821812552552551287013713314720914817975161616018888871": [
            {
              "f": 1
            },
            {
              "f": 11
            },
            {
              "f": 11
            },
            {
              "f": 11
            },
            {
              "f": 11
            },
            {
              "f": 11
            },
            {
              "f": 11
            }
          ]
        }
      },
      "attrs": [
        {
          "fill": "rgb(28, 70, 137)"
        },
        {
          "fill": "rgb(255, 255, 255)"
        },
        {
          "fill": "rgb(255, 255, 255)"
        },
        {
          "fill": "rgb(255, 255, 255)"
        },
        {
          "fill": "rgb(255, 255, 255)"
        },
        {
          "fill": "rgb(255, 255, 255)"
        },
        {
          "fill": "rgb(255, 255, 255)"
        }
      ],
      "properties": {
        "order": 7,
        "id": 4,
        "name": "servlikeblue",
        "prevSize": 32,
        "code": 59693,
        "codes": [
          59693,
          59694,
          59695,
          59696,
          59697,
          59698,
          59699
        ]
      },
      "setIdx": 0,
      "setId": 2,
      "iconIdx": 5
    },
    {
      "icon": {
        "paths": [
          "M57.466 56.244h2484.499v911.513h-2484.499v-911.513z",
          "M2556.026 981.817h-2512.621v-939.635h2512.621v939.635zM72.139 953.696h2455.766v-883.391h-2455.766v883.391z",
          "M622.347 532.48l55.632-5.502c3.057 18.34 10.393 32.401 20.174 40.96 10.393 8.559 23.842 12.838 40.96 12.838 18.34 0 32.401-3.668 41.571-11.616s14.061-17.118 14.061-26.899c0-6.725-1.834-12.227-6.113-17.118-3.668-4.891-11.004-8.559-20.174-12.227-6.725-2.445-22.008-6.113-45.851-12.227-30.567-7.336-51.964-17.118-64.191-28.122-17.118-15.284-25.676-34.235-25.676-56.855 0-14.061 4.279-27.51 12.227-40.349 7.947-12.227 19.563-22.008 35.458-28.733 15.284-6.725 33.624-9.781 55.632-9.781 35.458 0 61.746 7.947 80.086 23.231 17.729 15.284 27.51 36.069 28.122 62.357l-56.855 2.445c-2.445-14.672-7.947-25.065-15.895-31.179s-20.174-9.781-36.069-9.781c-16.506 0-29.344 3.668-39.126 10.393-6.113 4.279-9.17 10.393-9.17 17.729 0 6.725 3.057 12.227 8.559 17.118 7.336 6.113 24.454 12.227 52.576 18.952 27.51 6.725 48.296 13.45 61.134 20.174 13.45 6.725 23.842 16.506 31.179 28.733s11.004 26.899 11.004 44.628c0 15.895-4.279 31.179-13.45 45.239s-21.397 24.454-37.903 31.179c-16.506 6.725-36.681 10.393-61.134 10.393-35.458 0-62.968-7.947-81.92-24.454-20.174-15.895-31.179-39.737-34.847-71.527z",
          "M1033.17 624.181v-30.567c-7.336 11.004-17.118 19.563-29.344 25.676s-25.065 9.17-38.515 9.17c-13.45 0-26.288-3.057-36.681-9.17-11.004-6.113-18.952-14.672-23.842-25.676s-7.336-25.676-7.336-45.239v-128.382h53.798v93.536c0 28.733 1.223 46.462 3.057 52.576 1.834 6.725 5.502 11.616 11.004 15.284s11.616 5.502 20.174 5.502c9.17 0 17.729-2.445 25.065-7.336s12.227-11.616 15.284-18.952c2.445-7.336 4.279-25.676 4.279-55.021v-85.588h53.798v204.189h-50.741z",
          "M1137.099 624.181v-281.829h53.798v101.483c16.506-18.952 36.681-28.733 59.3-28.733 25.065 0 45.239 9.17 61.746 26.899s24.454 44.017 24.454 77.641c0 34.847-8.559 61.746-25.065 80.697s-36.681 28.122-60.523 28.122c-11.616 0-23.231-3.057-34.235-8.559-11.616-6.113-21.397-14.672-29.344-25.676v29.956h-50.13zM1190.897 517.808c0 21.397 3.057 36.681 9.781 47.073 9.17 14.061 22.008 21.397 37.292 21.397 11.616 0 22.008-4.891 30.567-15.284s12.838-26.288 12.838-48.296c0-23.231-4.279-40.349-12.838-50.741s-19.563-15.284-32.401-15.284c-12.838 0-23.842 4.891-32.401 15.284s-12.838 25.676-12.838 45.851z",
          "M1376.134 419.993h49.519v28.122c17.729-21.397 39.126-32.401 63.58-32.401 12.838 0 24.454 2.445 34.235 7.947s17.729 13.45 23.842 24.454c9.17-11.004 18.952-18.952 29.344-24.454s21.397-7.947 33.013-7.947c15.284 0 27.51 3.057 37.903 9.17s18.34 15.284 23.231 26.899c3.668 8.559 5.502 22.62 5.502 42.183v130.827h-53.798v-116.767c0-20.174-1.834-33.624-5.502-39.126-4.891-7.947-12.838-11.616-23.231-11.616-7.336 0-14.672 2.445-21.397 6.725-6.725 4.891-11.616 11.616-14.672 20.174-3.057 9.17-4.279 23.231-4.279 42.183v97.815h-53.798v-111.876c0-20.174-1.223-32.401-3.057-38.515-1.834-5.502-4.891-9.781-9.17-12.838s-9.781-4.279-16.506-4.279c-8.559 0-15.895 2.445-22.62 6.725s-11.616 11.004-14.061 19.563c-3.057 8.559-4.279 22.62-4.279 42.183v99.038h-53.798v-204.189z",
          "M1730.101 392.482v-50.13h53.798v50.13h-53.798zM1730.101 624.181v-204.189h53.798v204.189h-53.798z",
          "M1933.067 419.993v42.794h-36.681v82.531c0 16.506 0.611 26.288 1.223 29.344 0.611 2.445 2.445 4.891 4.891 6.725s5.502 2.445 9.17 2.445c4.891 0 12.227-1.834 22.008-4.891l4.891 42.183c-12.838 5.502-26.899 7.947-42.794 7.947-9.781 0-18.34-1.834-26.288-4.891s-13.45-7.336-17.118-12.838c-3.668-5.502-6.113-12.227-7.336-20.786-1.223-6.113-1.834-18.952-1.834-37.903v-89.256h-25.065v-42.794h25.065v-40.349l54.41-31.79v72.139h35.458z"
        ],
        "attrs": [
          {
            "fill": "rgb(48, 179, 75)"
          },
          {
            "fill": "rgb(48, 179, 75)"
          },
          {
            "fill": "rgb(255, 255, 255)"
          },
          {
            "fill": "rgb(255, 255, 255)"
          },
          {
            "fill": "rgb(255, 255, 255)"
          },
          {
            "fill": "rgb(255, 255, 255)"
          },
          {
            "fill": "rgb(255, 255, 255)"
          },
          {
            "fill": "rgb(255, 255, 255)"
          }
        ],
        "width": 2599,
        "isMulticolor": true,
        "isMulticolor2": false,
        "grid": 0,
        "tags": [
          "submit"
        ],
        "colorPermutations": {
          "1131121121133138182114922011521521521179179179121921821812552552551287013713314720914817975161616018888871": [
            {
              "f": 5
            },
            {
              "f": 5
            },
            {
              "f": 11
            },
            {
              "f": 11
            },
            {
              "f": 11
            },
            {
              "f": 11
            },
            {
              "f": 11
            },
            {
              "f": 11
            }
          ]
        }
      },
      "attrs": [
        {
          "fill": "rgb(48, 179, 75)"
        },
        {
          "fill": "rgb(48, 179, 75)"
        },
        {
          "fill": "rgb(255, 255, 255)"
        },
        {
          "fill": "rgb(255, 255, 255)"
        },
        {
          "fill": "rgb(255, 255, 255)"
        },
        {
          "fill": "rgb(255, 255, 255)"
        },
        {
          "fill": "rgb(255, 255, 255)"
        },
        {
          "fill": "rgb(255, 255, 255)"
        }
      ],
      "properties": {
        "order": 8,
        "id": 3,
        "name": "submit",
        "prevSize": 32,
        "code": 59700,
        "codes": [
          59700,
          59701,
          59702,
          59703,
          59704,
          59705,
          59706,
          59707
        ]
      },
      "setIdx": 0,
      "setId": 2,
      "iconIdx": 6
    },
    {
      "icon": {
        "paths": [
          "M512 991.944c-264.578 0-479.944-215.365-479.944-479.944s215.365-479.944 479.944-479.944 479.944 215.365 479.944 479.944-215.365 479.944-479.944 479.944z",
          "M744.522 759.422c-4.515 0-9.481-1.806-12.642-5.418l-232.522-229.362c-3.612-3.612-5.418-8.127-5.418-13.093v-223.944c0-9.933 8.127-18.511 18.511-18.511s18.511 8.127 18.511 18.511v216.72l227.104 223.944c7.224 7.224 7.224 18.511 0 25.735-4.063 3.612-8.578 5.418-13.545 5.418z"
        ],
        "attrs": [
          {
            "fill": "rgb(33, 147, 209)"
          },
          {
            "fill": "rgb(255, 255, 255)"
          }
        ],
        "isMulticolor": true,
        "isMulticolor2": false,
        "grid": 0,
        "tags": [
          "time"
        ],
        "colorPermutations": {
          "1131121121133138182114922011521521521179179179121921821812552552551287013713314720914817975161616018888871": [
            {
              "f": 6
            },
            {
              "f": 11
            }
          ]
        }
      },
      "attrs": [
        {
          "fill": "rgb(33, 147, 209)"
        },
        {
          "fill": "rgb(255, 255, 255)"
        }
      ],
      "properties": {
        "order": 9,
        "id": 2,
        "name": "time",
        "prevSize": 32,
        "code": 59708,
        "codes": [
          59708,
          59709
        ]
      },
      "setIdx": 0,
      "setId": 2,
      "iconIdx": 7
    },
    {
      "icon": {
        "paths": [
          "M1011.81 512c0 275.788-223.57 499.358-499.358 499.358s-499.358-223.57-499.358-499.358c0-275.788 223.57-499.358 499.358-499.358s499.358 223.57 499.358 499.358z",
          "M415.831 376.099c-4.966-25.735-27.993-45.601-55.534-45.601s-50.116 19.414-55.534 45.601h-58.695v22.123h58.695c4.966 25.735 27.993 45.601 55.534 45.601s50.116-19.414 55.534-45.601h361.199v-22.123h-361.199z",
          "M672.282 473.171c-27.541 0-50.116 19.414-55.534 45.601h-370.229v22.123h370.681c4.966 25.735 27.993 45.601 55.534 45.601s50.116-19.414 55.534-45.601h49.213v-22.123h-49.213c-5.418-26.187-28.444-45.601-55.986-45.601z",
          "M512.451 615.845c-27.541 0-50.116 19.414-55.534 45.601h-210.399v22.123h210.85c4.966 25.735 27.993 45.601 55.534 45.601s50.116-19.414 55.534-45.601h209.044v-22.123h-209.044c-5.418-26.187-28.444-45.601-55.986-45.601z"
        ],
        "attrs": [
          {
            "fill": "rgb(28, 70, 137)"
          },
          {
            "fill": "rgb(255, 255, 255)"
          },
          {
            "fill": "rgb(255, 255, 255)"
          },
          {
            "fill": "rgb(255, 255, 255)"
          }
        ],
        "isMulticolor": true,
        "isMulticolor2": false,
        "grid": 0,
        "tags": [
          "velocityblue"
        ],
        "colorPermutations": {
          "1131121121133138182114922011521521521179179179121921821812552552551287013713314720914817975161616018888871": [
            {
              "f": 1
            },
            {
              "f": 11
            },
            {
              "f": 11
            },
            {
              "f": 11
            }
          ]
        }
      },
      "attrs": [
        {
          "fill": "rgb(28, 70, 137)"
        },
        {
          "fill": "rgb(255, 255, 255)"
        },
        {
          "fill": "rgb(255, 255, 255)"
        },
        {
          "fill": "rgb(255, 255, 255)"
        }
      ],
      "properties": {
        "order": 10,
        "id": 1,
        "name": "velocityblue",
        "prevSize": 32,
        "code": 59710,
        "codes": [
          59710,
          59711,
          59712,
          59713
        ]
      },
      "setIdx": 0,
      "setId": 2,
      "iconIdx": 8
    },
    {
      "icon": {
        "paths": [
          "M990.589 512c0 265.066-214.878 479.944-479.944 479.944s-479.944-214.878-479.944-479.944c0-265.066 214.878-479.944 479.944-479.944s479.944 214.878 479.944 479.944z",
          "M512 703.887c-101.136 0-200.917-49.213-294.829-145.834-25.735-26.638-25.735-68.176-0.903-94.815v0c51.019-53.277 158.025-142.674 295.732-143.577v0c101.136 0 200.014 48.762 293.023 144.931 25.284 25.735 25.735 67.273 0.903 93.009-50.116 53.277-153.961 143.577-289.862 144.931-1.806 1.354-3.612 1.354-4.063 1.354zM244.713 490.78c-10.384 11.287-10.384 28.444 0 38.829 88.494 89.848 178.794 135.45 270.448 134.547 121.453-1.806 216.268-83.527 261.418-131.838 10.384-11.287 9.933-28.444-0.903-38.829-84.882-88.945-174.279-133.644-264.127-133.644v0c-122.808 0-219.88 82.624-266.836 130.935v0z",
          "M510.194 633.453c-68.628 0-123.711-55.986-123.711-123.711s55.534-124.162 123.711-124.162c68.628 0 123.711 55.986 123.711 123.711s-55.534 124.162-123.711 124.162zM510.194 424.409c-46.956 0-84.882 37.926-84.882 84.882 0 46.053 37.926 84.43 84.882 84.43s84.43-37.926 84.43-84.43c0-46.956-38.377-84.882-84.43-84.882z"
        ],
        "attrs": [
          {
            "fill": "rgb(33, 147, 209)"
          },
          {
            "fill": "rgb(255, 255, 255)"
          },
          {
            "fill": "rgb(255, 255, 255)"
          }
        ],
        "isMulticolor": true,
        "isMulticolor2": false,
        "grid": 0,
        "tags": [
          "viewriskdetail"
        ],
        "colorPermutations": {
          "1131121121133138182114922011521521521179179179121921821812552552551287013713314720914817975161616018888871": [
            {
              "f": 6
            },
            {
              "f": 11
            },
            {
              "f": 11
            }
          ]
        }
      },
      "attrs": [
        {
          "fill": "rgb(33, 147, 209)"
        },
        {
          "fill": "rgb(255, 255, 255)"
        },
        {
          "fill": "rgb(255, 255, 255)"
        }
      ],
      "properties": {
        "order": 11,
        "id": 0,
        "name": "viewriskdetail",
        "prevSize": 32,
        "code": 59714,
        "codes": [
          59714,
          59715,
          59716
        ]
      },
      "setIdx": 0,
      "setId": 2,
      "iconIdx": 9
    }
  ],
  "height": 1024,
  "metadata": {
    "name": "icomoon"
  },
  "preferences": {
    "showGlyphs": true,
    "showQuickUse": true,
    "showQuickUse2": true,
    "showSVGs": true,
    "fontPref": {
      "prefix": "icon-",
      "metadata": {
        "fontFamily": "icomoon"
      },
      "metrics": {
        "emSize": 1024,
        "baseline": 6.25,
        "whitespace": 50
      },
      "embed": false
    },
    "imagePref": {
      "prefix": "icon-",
      "png": true,
      "useClassSelector": true,
      "color": 0,
      "bgColor": 16777215,
      "classSelector": ".icon"
    },
    "historySize": 100,
    "showCodes": true,
    "gridSize": 16
  }
}